{"stats":{"minecraft:mined":{"minecraft:redstone_wall_torch":1},"minecraft:killed":{"minecraft:bat":12,"minecraft:wandering_trader":1,"minecraft:slime":5,"minecraft:creeper":1,"minecraft:skeleton":1,"minecraft:trader_llama":4,"minecraft:zombie":17,"minecraft:chicken":1},"minecraft:custom":{"minecraft:mob_kills":43,"minecraft:play_one_minute":202395,"minecraft:leave_game":12,"minecraft:time_since_death":13265,"minecraft:climb_one_cm":21523,"minecraft:time_since_rest":13289,"minecraft:sprint_one_cm":95995,"minecraft:damage_taken":320,"minecraft:walk_one_cm":789421,"minecraft:trigger_trapped_chest":21,"minecraft:drop":4,"minecraft:damage_dealt":7441,"minecraft:talked_to_villager":1,"minecraft:fly_one_cm":552598,"minecraft:open_chest":33,"minecraft:crouch_one_cm":36522,"minecraft:deaths":8,"minecraft:sneak_time":7627,"minecraft:walk_under_water_one_cm":11261,"minecraft:jump":952,"minecraft:walk_on_water_one_cm":96416},"minecraft:picked_up":{"minecraft:chicken":1,"minecraft:repeater":1,"minecraft:iron_door":1,"minecraft:leather":7,"minecraft:lead":6,"minecraft:diamond_sword":2,"minecraft:stone_brick_stairs":1,"minecraft:gunpowder":2,"minecraft:string":2,"minecraft:dirt":3,"minecraft:spawner":2,"minecraft:sticky_piston":2,"minecraft:bone":2,"minecraft:diamond_leggings":2,"minecraft:wheat_seeds":2,"minecraft:netherite_sword":1,"minecraft:iron_ingot":1,"minecraft:redstone_torch":5,"minecraft:poppy":1,"minecraft:diamond_helmet":2,"minecraft:spruce_trapdoor":65,"minecraft:stone":7,"minecraft:torch":5,"minecraft:dandelion":2,"minecraft:stone_button":1,"minecraft:grass_block":2,"minecraft:redstone":9,"minecraft:zombie_spawn_egg":2,"minecraft:diamond_chestplate":2,"minecraft:rotten_flesh":27,"minecraft:slime_ball":1,"minecraft:lever":4,"minecraft:diamond_boots":2,"minecraft:iron_bars":9,"minecraft:cobblestone":1},"minecraft:killed_by":{"minecraft:zombie":1},"minecraft:dropped":{"minecraft:spawner":1,"minecraft:dirt":1,"minecraft:redstone_torch":1,"minecraft:iron_bars":1},"minecraft:used":{"minecraft:water_bucket":28,"minecraft:netherite_sword":52,"minecraft:iron_bars":76,"minecraft:redstone":70,"minecraft:chest":4,"minecraft:stone":2108,"minecraft:zombie_spawn_egg":4,"minecraft:torch":13,"minecraft:dirt":118,"minecraft:vine":90,"minecraft:redstone_torch":34,"minecraft:jungle_sapling":8,"minecraft:sticky_piston":61,"minecraft:piston":5,"minecraft:lever":16,"minecraft:command_block":20,"minecraft:grass_block":46,"minecraft:iron_block":6,"minecraft:light_weighted_pressure_plate":1,"minecraft:stone_button":6,"minecraft:spawner":7,"minecraft:stone_slab":8,"minecraft:spruce_trapdoor":14,"minecraft:iron_door":2,"minecraft:stone_brick_stairs":19,"minecraft:diamond_sword":155,"minecraft:repeater":17,"minecraft:cobblestone":200,"minecraft:oak_sapling":15,"minecraft:gold_block":1,"minecraft:trapped_chest":2,"minecraft:stone_pressure_plate":2,"minecraft:coarse_dirt":1,"minecraft:bone_meal":92,"minecraft:splash_potion":1}},"DataVersion":2586}